﻿Designator,Quantity,Value,Footprint,Package,MPN,DNP,Mount_Type,Description,STANDARD,PART_REV,MANUFACTURER,Note
"C1, C12",2,10u,C_0805_2012Metric_Pad1.18x1.45mm_HandSolder,,,,smt,Unpolarized capacitor,,,,
"C10, C13, C16, C9",4,.1 uF,C_0805_2012Metric_Pad1.18x1.45mm_HandSolder,,,,smt,Unpolarized capacitor,,,,
"C11, C14, C15, C17",4,10uF,CP_Radial_D5.0mm_P2.00mm,,,,tht,"Polarized capacitor, US symbol",,,,
C2,1,100n,C_0805_2012Metric_Pad1.18x1.45mm_HandSolder,,,,smt,,,,,
"C3, C4, C6, C8",4,1u,C_0805_2012Metric_Pad1.18x1.45mm_HandSolder,,,,smt,Unpolarized capacitor,,,,
C5,1,4.7u,C_0805_2012Metric_Pad1.18x1.45mm_HandSolder,,,,smt,Unpolarized capacitor,,,,
C7,1,22u,C_0805_2012Metric_Pad1.18x1.45mm_HandSolder,,,,smt,Unpolarized capacitor,,,,
D1,1,SP0503BAHTG,SOT-143,,,,smt,,,,,
J1,1,USB_B_Micro,USB_Micro-B_Amphenol_10118194_Horizontal,,,,smt,,,,,
"J10, J11, J8, J9",4,Screw_Terminal_01x02,TerminalBlock_bornier-2_P5.08mm,,,,tht,"Generic screw terminal, single row, 01x02, script generated (kicad-library-utils/schlib/autogen/connector/)",,,,
J6,1,PJ-102AH,CUI_PJ-102AH,,,,tht,,Manufacturer recommendations,1.02,CUI INC,
JP1,1,SolderJumper_3_Open,SolderJumper-3_P1.3mm_Open_RoundedPad1.0x1.5mm,,,,tht,,,,,
L1,1,1u,L_0805_2012Metric_Pad1.15x1.40mm_HandSolder,,,,smt,Inductor,,,,
"Q1, Q2",2,SS8050-G,SOT-23,,,,smt,,,,,
"R1, R10, R11, R4",4,100k,R_0805_2012Metric_Pad1.20x1.40mm_HandSolder,,,,smt,Resistor,,,,
R13,1,22k,R_0805_2012Metric_Pad1.20x1.40mm_HandSolder,,,,smt,Resistor,,,,
"R2, R3",2,1k,R_0805_2012Metric_Pad1.20x1.40mm_HandSolder,,,,smt,,,,,DNP
"R5, R6, R7, R8",4,10k,R_0805_2012Metric_Pad1.20x1.40mm_HandSolder,,,,smt,,,,,
R9,1,499k,R_0805_2012Metric_Pad1.20x1.40mm_HandSolder,,,,smt,Resistor,,,,
"SW1, SW2",2,SW_Push,SW_SPST_B3S-1000,,,,smt,,,,,
U1,1,ESP32-S3-WROOM-1-N16,ESP32-S3-WROOM-1_EXP,,,,smt,,,,,
U2,1,CP2102N-Axx-xQFN28,QFN-28-1EP_5x5mm_P0.5mm_EP3.35x3.35mm,,,,smt,"USB to UART master bridge, QFN-28",,,,
U3,1,LM1117DT-5.0,TO-252-3_TabPin2,,,,smt,"800mA Low-Dropout Linear Regulator, 5.0V fixed output, TO-252",,,,
"U4, U5",2,TB6612FNG,SSOP-24_5.3x8.2mm_P0.65mm,,,,smt,"Driver IC for Dual DC motor, SSOP-24",,,,
U7,1,BMI323,XDCR_BMI270,,,,smt,,,,,
U8,1,TPS62A01DRLR,SOT6_DRL_TEX-M,,,,smt,,,,,
