﻿pos_x,pos_y,rotation,side,designator,mpn,pack,footprint,value,mount_type
125.4625,-54.5,0.0,top,C1,,,C_0805_2012Metric_Pad1.18x1.45mm_HandSolder,10u,smt
104.7,-73.85,90.0,top,C10,,,C_0805_2012Metric_Pad1.18x1.45mm_HandSolder,.1 uF,smt
108.2,-73.35,0.0,top,C11,,,CP_Radial_D5.0mm_P2.00mm,10uF,tht
177.5,-70.5,-90.0,top,C12,,,C_0805_2012Metric_Pad1.18x1.45mm_HandSolder,10u,smt
110.0,-64.5,-90.0,top,C13,,,C_0805_2012Metric_Pad1.18x1.45mm_HandSolder,.1 uF,smt
108.0,-46.5,0.0,top,C14,,,CP_Radial_D5.0mm_P2.00mm,10uF,tht
104.5,-64.5,0.0,top,C15,,,CP_Radial_D5.0mm_P2.00mm,10uF,tht
110.2,-91.85,-90.0,top,C16,,,C_0805_2012Metric_Pad1.18x1.45mm_HandSolder,.1 uF,smt
104.7,-91.85,0.0,top,C17,,,CP_Radial_D5.0mm_P2.00mm,10uF,tht
125.4625,-58.0,0.0,top,C2,,,C_0805_2012Metric_Pad1.18x1.45mm_HandSolder,100n,smt
153.5375,-95.25,0.0,top,C3,,,C_0805_2012Metric_Pad1.18x1.45mm_HandSolder,1u,smt
123.0,-95.25,0.0,top,C4,,,C_0805_2012Metric_Pad1.18x1.45mm_HandSolder,1u,smt
157.0,-65.5,-90.0,top,C5,,,C_0805_2012Metric_Pad1.18x1.45mm_HandSolder,4.7u,smt
158.5,-56.0,0.0,top,C6,,,C_0805_2012Metric_Pad1.18x1.45mm_HandSolder,1u,smt
162.0,-70.0,0.0,top,C7,,,C_0805_2012Metric_Pad1.18x1.45mm_HandSolder,22u,smt
158.5,-43.0,0.0,top,C8,,,C_0805_2012Metric_Pad1.18x1.45mm_HandSolder,1u,smt
104.5,-46.5,90.0,top,C9,,,C_0805_2012Metric_Pad1.18x1.45mm_HandSolder,.1 uF,smt
178.25,-90.0,-90.0,top,D1,,,SOT-143,SP0503BAHTG,smt
185.2,-90.15,90.0,top,J1,,,USB_Micro-B_Amphenol_10118194_Horizontal,USB_B_Micro,smt
92.9,-77.2,90.0,top,J10,,,TerminalBlock_bornier-2_P5.08mm,Screw_Terminal_01x02,tht
93.0,-92.925,90.0,top,J11,,,TerminalBlock_bornier-2_P5.08mm,Screw_Terminal_01x02,tht
180.5,-50.0,0.0,top,J6,,,CUI_PJ-102AH,PJ-102AH,tht
92.9625,-54.135,90.0,top,J8,,,TerminalBlock_bornier-2_P5.08mm,Screw_Terminal_01x02,tht
92.9625,-65.475,90.0,top,J9,,,TerminalBlock_bornier-2_P5.08mm,Screw_Terminal_01x02,tht
168.0,-70.0,0.0,top,L1,,,L_0805_2012Metric_Pad1.15x1.40mm_HandSolder,1u,smt
138.4375,-41.5,0.0,top,Q1,,,SOT-23,SS8050-G,smt
138.5,-48.5,0.0,top,Q2,,,SOT-23,SS8050-G,smt
153.5,-99.25,0.0,top,R1,,,R_0805_2012Metric_Pad1.20x1.40mm_HandSolder,100k,smt
168.0,-65.5,0.0,top,R10,,,R_0805_2012Metric_Pad1.20x1.40mm_HandSolder,100k,smt
138.5,-89.0,0.0,top,R11,,,R_0805_2012Metric_Pad1.20x1.40mm_HandSolder,100k,smt
173.5,-65.5,0.0,top,R13,,,R_0805_2012Metric_Pad1.20x1.40mm_HandSolder,22k,smt
120.5,-68.0,0.0,top,R2,,,R_0805_2012Metric_Pad1.20x1.40mm_HandSolder,1k,smt
120.5,-73.5,0.0,top,R3,,,R_0805_2012Metric_Pad1.20x1.40mm_HandSolder,1k,smt
123.0,-99.25,180.0,top,R4,,,R_0805_2012Metric_Pad1.20x1.40mm_HandSolder,100k,smt
132.9375,-40.5,0.0,top,R5,,,R_0805_2012Metric_Pad1.20x1.40mm_HandSolder,10k,smt
132.9375,-47.5,0.0,top,R6,,,R_0805_2012Metric_Pad1.20x1.40mm_HandSolder,10k,smt
143.9375,-40.5,0.0,top,R7,,,R_0805_2012Metric_Pad1.20x1.40mm_HandSolder,10k,smt
143.9375,-47.5,0.0,top,R8,,,R_0805_2012Metric_Pad1.20x1.40mm_HandSolder,10k,smt
168.0,-61.5,0.0,top,R9,,,R_0805_2012Metric_Pad1.20x1.40mm_HandSolder,499k,smt
144.5,-97.75,0.0,top,SW1,,,SW_SPST_B3S-1000,SW_Push,smt
132.5,-97.75,0.0,top,SW2,,,SW_SPST_B3S-1000,SW_Push,smt
138.25,-65.76,0.0,top,U1,,,ESP32-S3-WROOM-1_EXP,ESP32-S3-WROOM-1-N16,smt
177.88,-79.0,-90.0,top,U2,,,QFN-28-1EP_5x5mm_P0.5mm_EP3.35x3.35mm,CP2102N-Axx-xQFN28,smt
159.74,-50.0,0.0,top,U3,,,TO-252-3_TabPin2,LM1117DT-5.0,smt
107.3625,-55.385,0.0,top,U4,,,SSOP-24_5.3x8.2mm_P0.65mm,TB6612FNG,smt
107.6,-82.625,0.0,top,U5,,,SSOP-24_5.3x8.2mm_P0.65mm,TB6612FNG,smt
138.3375,-83.75,0.0,top,U7,,,XDCR_BMI270,BMI323,smt
162.0152,-65.499874,0.0,top,U8,,,SOT6_DRL_TEX-M,TPS62A01DRLR,smt
