﻿pos_x,pos_y,rotation,side,designator,mpn,pack,footprint,value,mount_type
124.0,-40.0,0.0,top,C1,,,C_0805_2012Metric_Pad1.18x1.45mm_HandSolder,10u,smt
99.82375,-74.14,90.0,top,C10,,,C_0805_2012Metric_Pad1.18x1.45mm_HandSolder,.1 uF,smt
103.32375,-73.64,0.0,top,C11,,,CP_Radial_D5.0mm_P2.00mm,10uF,tht
174.0,-67.5,0.0,top,C12,,,C_0805_2012Metric_Pad1.18x1.45mm_HandSolder,10u,smt
105.12375,-64.79,-90.0,top,C13,,,C_0805_2012Metric_Pad1.18x1.45mm_HandSolder,.1 uF,smt
103.12375,-46.79,0.0,top,C14,,,CP_Radial_D5.0mm_P2.00mm,10uF,tht
99.62375,-64.79,0.0,top,C15,,,CP_Radial_D5.0mm_P2.00mm,10uF,tht
105.0,-92.0,-90.0,top,C16,,,C_0805_2012Metric_Pad1.18x1.45mm_HandSolder,.1 uF,smt
99.5,-92.0,0.0,top,C17,,,CP_Radial_D5.0mm_P2.00mm,10uF,tht
124.0,-42.0,0.0,top,C2,,,C_0805_2012Metric_Pad1.18x1.45mm_HandSolder,100n,smt
136.0,-75.5,180.0,top,C3,,,C_0805_2012Metric_Pad1.18x1.45mm_HandSolder,1u,smt
147.5,-75.5,180.0,top,C4,,,C_0805_2012Metric_Pad1.18x1.45mm_HandSolder,1u,smt
153.15,-64.5,-90.0,top,C5,,,C_0805_2012Metric_Pad1.18x1.45mm_HandSolder,4.7u,smt
163.0,-54.0,0.0,top,C6,,,C_0805_2012Metric_Pad1.18x1.45mm_HandSolder,1u,smt
158.15,-69.0,0.0,top,C7,,,C_0805_2012Metric_Pad1.18x1.45mm_HandSolder,22u,smt
159.5,-49.0,90.0,top,C8,,,C_0805_2012Metric_Pad1.18x1.45mm_HandSolder,1u,smt
99.62375,-46.79,90.0,top,C9,,,C_0805_2012Metric_Pad1.18x1.45mm_HandSolder,.1 uF,smt
178.367711,-94.4885,-90.0,top,D1,,,SOT-143,SP0503BAHTG,smt
185.317711,-94.6385,90.0,top,J1,,,USB_Micro-B_Amphenol_10118194_Horizontal,USB_B_Micro,smt
185.0,-65.46,-90.0,top,J10,,,Molex_SL_171971-0002_1x02_P2.54mm_Vertical,Conn_01x02,tht
91.5,-96.7,90.0,top,J12,,,Molex_SL_171971-0006_1x06_P2.54mm_Vertical,Conn_01x06,tht
186.0,-72.88,0.0,top,J2,,,PinHeader_1x05_P2.54mm_Vertical,Conn_01x05,tht
185.0,-56.96,-90.0,top,J3,,,Molex_SL_171971-0002_1x02_P2.54mm_Vertical,Conn_01x02,tht
166.5,-39.75,0.0,top,J4,,,Molex_SL_171971-0002_1x02_P2.54mm_Vertical,Conn_01x02,tht
91.5,-59.16,90.0,top,J5,,,Molex_SL_171971-0006_1x06_P2.54mm_Vertical,Conn_01x06,tht
180.5,-49.0,0.0,top,J6,,,CUI_PJ-102AH,PJ-102AH,tht
91.475334,-77.934104,90.0,top,J7,,,Molex_SL_171971-0006_1x06_P2.54mm_Vertical,Conn_01x06,tht
102.0,-103.5,180.0,top,J8,,,Molex_SL_171971-0002_1x02_P2.54mm_Vertical,Conn_01x02,tht
102.42,-38.5,90.0,top,J9,,,PinHeader_1x07_P2.54mm_Vertical,Conn_01x07,tht
164.15,-69.0,0.0,top,L1,,,L_0805_2012Metric_Pad1.15x1.40mm_HandSolder,1u,smt
167.25,-80.0,0.0,top,Q1,,,SOT-23,SS8050-G,smt
167.3125,-83.55,0.0,top,Q2,,,SOT-23,SS8050-G,smt
130.0,-75.5,180.0,top,R1,,,R_0805_2012Metric_Pad1.20x1.40mm_HandSolder,100k,smt
164.15,-64.5,0.0,top,R10,,,R_0805_2012Metric_Pad1.20x1.40mm_HandSolder,100k,smt
138.5,-65.0,180.0,top,R11,,,R_0805_2012Metric_Pad1.20x1.40mm_HandSolder,100k,smt
184.0,-87.0,90.0,top,R12,,,R_0805_2012Metric_Pad1.20x1.40mm_HandSolder,1k,smt
169.65,-64.5,0.0,top,R13,,,R_0805_2012Metric_Pad1.20x1.40mm_HandSolder,22k,smt
180.45,-98.5,-90.0,top,R14,,,R_0805_2012Metric_Pad1.20x1.40mm_HandSolder,22.1k,smt
177.5,-98.5,-90.0,top,R15,,,R_0805_2012Metric_Pad1.20x1.40mm_HandSolder,47.5k,smt
151.0,-48.0,180.0,top,R16,,,R_0805_2012Metric_Pad1.20x1.40mm_HandSolder,3.3k,smt
151.0,-50.0,180.0,top,R17,,,R_0805_2012Metric_Pad1.20x1.40mm_HandSolder,3.3k,smt
151.0,-46.0,180.0,top,R18,,,R_0805_2012Metric_Pad1.20x1.40mm_HandSolder,3.3k,smt
151.0,-44.0,180.0,top,R19,,,R_0805_2012Metric_Pad1.20x1.40mm_HandSolder,3.3k,smt
132.5,-62.2,-90.0,top,R2,,,R_0805_2012Metric_Pad1.20x1.40mm_HandSolder,1k,smt
151.0,-42.0,180.0,top,R20,,,R_0805_2012Metric_Pad1.20x1.40mm_HandSolder,3.3k,smt
151.0,-40.0,180.0,top,R21,,,R_0805_2012Metric_Pad1.20x1.40mm_HandSolder,3.3k,smt
134.5,-62.2,-90.0,top,R3,,,R_0805_2012Metric_Pad1.20x1.40mm_HandSolder,1k,smt
141.5,-75.5,180.0,top,R4,,,R_0805_2012Metric_Pad1.20x1.40mm_HandSolder,100k,smt
162.8125,-79.55,0.0,top,R5,,,R_0805_2012Metric_Pad1.20x1.40mm_HandSolder,10k,smt
162.8125,-82.05,0.0,top,R6,,,R_0805_2012Metric_Pad1.20x1.40mm_HandSolder,10k,smt
171.3125,-79.55,0.0,top,R7,,,R_0805_2012Metric_Pad1.20x1.40mm_HandSolder,10k,smt
171.3125,-82.05,0.0,top,R8,,,R_0805_2012Metric_Pad1.20x1.40mm_HandSolder,10k,smt
164.15,-60.5,0.0,top,R9,,,R_0805_2012Metric_Pad1.20x1.40mm_HandSolder,499k,smt
133.0,-71.0,0.0,top,SW1,,,SW_Push_1P1T_NO_6x6mm_H9.5mm,SW_Push,smt
144.5,-71.0,0.0,top,SW2,,,SW_Push_1P1T_NO_6x6mm_H9.5mm,SW_Push,smt
138.5,-43.5,0.0,top,U1,,,ESP32-S3-WROOM-1_EXP,ESP32-S3-WROOM-1-N16,smt
166.0,-49.0,0.0,top,U3,,,MP04A_TEX-M,LM1117DT-5.0,smt
102.48625,-55.675,0.0,top,U4,,,SSOP-24_5.3x8.2mm_P0.65mm,TB6612FNG,smt
102.72375,-82.915,0.0,top,U5,,,SSOP-24_5.3x8.2mm_P0.65mm,TB6612FNG,smt
179.75,-86.0569,0.0,top,U6,,,QFN24_SIL-M,CP2102N-A02-GQFN24R,smt
138.5,-62.0,0.0,top,U7,,,XDCR_BMI270,BMI323,smt
158.1652,-64.499874,0.0,top,U8,,,SOT6_DRL_TEX-M,TPS62A01DRLR,smt
