﻿Designator,Quantity,Value,Footprint,Package,MPN,DNP,Mount_Type,Description,STANDARD,PART_REV,MANUFACTURER,Note
"C1, C12",2,10u,C_0805_2012Metric_Pad1.18x1.45mm_HandSolder,,,,smt,Unpolarized capacitor,,,,
"C10, C13, C16, C9",4,.1 uF,C_0805_2012Metric_Pad1.18x1.45mm_HandSolder,,,,smt,Unpolarized capacitor,,,,
"C11, C14, C15, C17",4,10uF,CP_Radial_D5.0mm_P2.00mm,,,,tht,"Polarized capacitor, US symbol",,,,
C2,1,100n,C_0805_2012Metric_Pad1.18x1.45mm_HandSolder,,,,smt,,,,,
"C3, C4, C6, C8",4,1u,C_0805_2012Metric_Pad1.18x1.45mm_HandSolder,,,,smt,Unpolarized capacitor,,,,
C5,1,4.7u,C_0805_2012Metric_Pad1.18x1.45mm_HandSolder,,,,smt,Unpolarized capacitor,,,,
C7,1,22u,C_0805_2012Metric_Pad1.18x1.45mm_HandSolder,,,,smt,Unpolarized capacitor,,,,
D1,1,SP0503BAHTG,SOT-143,,,,smt,,,,,
J1,1,USB_B_Micro,USB_Micro-B_Amphenol_10118194_Horizontal,,,,smt,,,,,
"J10, J3, J4, J8",4,Conn_01x02,Molex_SL_171971-0002_1x02_P2.54mm_Vertical,,,,tht,"Generic connector, single row, 01x02, script generated (kicad-library-utils/schlib/autogen/connector/)",,,,
"J12, J5, J7",3,Conn_01x06,Molex_SL_171971-0006_1x06_P2.54mm_Vertical,,,,tht,"Generic connector, single row, 01x06, script generated (kicad-library-utils/schlib/autogen/connector/)",,,,
J2,1,Conn_01x05,PinHeader_1x05_P2.54mm_Vertical,,,,tht,"Generic connector, single row, 01x05, script generated (kicad-library-utils/schlib/autogen/connector/)",,,,
J6,1,PJ-102AH,CUI_PJ-102AH,,,,tht,,Manufacturer recommendations,1.02,CUI INC,
J9,1,Conn_01x07,PinHeader_1x07_P2.54mm_Vertical,,,,tht,"Generic connector, single row, 01x07, script generated (kicad-library-utils/schlib/autogen/connector/)",,,,
JP1,1,SolderJumper_3_Open,SolderJumper-3_P1.3mm_Open_RoundedPad1.0x1.5mm,,,,tht,,,,,
L1,1,1u,L_0805_2012Metric_Pad1.15x1.40mm_HandSolder,,,,smt,Inductor,,,,
"Q1, Q2",2,SS8050-G,SOT-23,,,,smt,,,,,
"R1, R10, R11, R4",4,100k,R_0805_2012Metric_Pad1.20x1.40mm_HandSolder,,,,smt,Resistor,,,,
"R12, R2, R3",3,1k,R_0805_2012Metric_Pad1.20x1.40mm_HandSolder,,,,smt,Resistor,,,,DNP
R13,1,22k,R_0805_2012Metric_Pad1.20x1.40mm_HandSolder,,,,smt,Resistor,,,,
R14,1,22.1k,R_0805_2012Metric_Pad1.20x1.40mm_HandSolder,,,,smt,Resistor,,,,
R15,1,47.5k,R_0805_2012Metric_Pad1.20x1.40mm_HandSolder,,,,smt,Resistor,,,,
"R16, R17, R18, R19, R20, R21",6,3.3k,R_0805_2012Metric_Pad1.20x1.40mm_HandSolder,,,,smt,Resistor,,,,
"R5, R6, R7, R8",4,10k,R_0805_2012Metric_Pad1.20x1.40mm_HandSolder,,,,smt,,,,,
R9,1,499k,R_0805_2012Metric_Pad1.20x1.40mm_HandSolder,,,,smt,Resistor,,,,
"SW1, SW2",2,SW_Push,SW_Push_1P1T_NO_6x6mm_H9.5mm,,,,smt,,,,,
TP1,1,Probe 5V,TestPoint_Plated_Hole_D2.0mm,,,,tht,test point,,,,
TP2,1,Probe 3.3V,TestPoint_Plated_Hole_D2.0mm,,,,tht,test point,,,,
TP3,1,Probe GND,TestPoint_Plated_Hole_D2.0mm,,,,tht,test point,,,,
TP4,1,Probe 6V,TestPoint_Plated_Hole_D2.0mm,,,,tht,test point,,,,
U1,1,ESP32-S3-WROOM-1-N16,ESP32-S3-WROOM-1_EXP,,,,smt,,,,,
U3,1,LM1117DT-5.0,MP04A_TEX-M,,,,smt,"800mA Low-Dropout Linear Regulator, 5.0V fixed output, TO-252",,,,
"U4, U5",2,TB6612FNG,SSOP-24_5.3x8.2mm_P0.65mm,,,,smt,"Driver IC for Dual DC motor, SSOP-24",,,,
U6,1,CP2102N-A02-GQFN24R,QFN24_SIL-M,,,,smt,,,,,
U7,1,BMI323,XDCR_BMI270,,,,smt,,,,,
U8,1,TPS62A01DRLR,SOT6_DRL_TEX-M,,,,smt,,,,,
